,titles,urls,bv_codes
0,《蛋仔  疯狂的麦咭》第一季第三期,https://www.bilibili.com/video/BV19rdaY8EeU/?spm_id_from=333.788.recommend_more_video.-1,BV19rdaY8EeU
1,【双人成行】这就是全实体建模的后果,https://www.bilibili.com/video/BV1UQdaYXEhy/?spm_id_from=333.788.recommend_more_video.0,BV1UQdaYXEhy
2,科迪:我们去玩儿女儿的玩具吧。 小梅:好鸭好鸭~,https://www.bilibili.com/video/BV1BrdfYLExf/?spm_id_from=333.788.recommend_more_video.1,BV1BrdfYLExf
3,《我的世界》未来：大电影,https://www.bilibili.com/video/BV1KyV3zFEBs/?spm_id_from=333.788.recommend_more_video.2,BV1KyV3zFEBs
4,《我的世界》交易卡：大电影！,https://www.bilibili.com/video/BV1QWL9z8EfC/?spm_id_from=333.788.recommend_more_video.3,BV1QWL9z8EfC
5,科幻恐怖生存神作《寄生前夜 重制版》 (2025) 最新预告,https://www.bilibili.com/video/BV1AXL2ztExn/?spm_id_from=333.788.recommend_more_video.4,BV1AXL2ztExn
6,【黑神话：悟空DLC】地府篇第一支概念预告片震撼来袭,https://www.bilibili.com/video/BV1RuVczGEo1/?spm_id_from=333.788.recommend_more_video.5,BV1RuVczGEo1
7,HABROMANIA 游戏官方预告片,https://www.bilibili.com/video/BV1XTLRzcE9U/?spm_id_from=333.788.recommend_more_video.6,BV1XTLRzcE9U
8,植物大战僵尸16周年官方宣传片 中文版与英文版内容对比一览！,https://www.bilibili.com/video/BV1TUVwzvE8W/?spm_id_from=333.788.recommend_more_video.7,BV1TUVwzvE8W
9,从〖双人成行〗到〖双影奇境〗，单人硬行任在继续。大家更喜欢哪个？,https://www.bilibili.com/video/BV1PS56zGEgt/?spm_id_from=333.788.recommend_more_video.8,BV1PS56zGEgt
10,[手机tno/暑假新版本预告]科米共和国开局前瞻一览,https://www.bilibili.com/video/BV1N6Gdz2E94/?spm_id_from=333.788.recommend_more_video.9,BV1N6Gdz2E94
11,你确定你真的玩懂《双影奇境》了吗？为什么我说它是游戏史上最伟大的游戏之一？——《双影奇境》全面鉴赏【游戏除草机#43】,https://www.bilibili.com/video/BV177RBY7EHn/?spm_id_from=333.788.recommend_more_video.10,BV177RBY7EHn
12,哥斯拉 x 金刚：新帝国 |,https://www.bilibili.com/video/BV1sc411y77v/?spm_id_from=333.788.recommend_more_video.11,BV1sc411y77v
13,游戏都是来源于生活 #双人成行,https://www.bilibili.com/video/BV1JQ5szRE6K/?spm_id_from=333.788.recommend_more_video.12,BV1JQ5szRE6K
14,【雨世界】丧尸主题模组《瘟疫行者：感染》先遣预告,https://www.bilibili.com/video/BV12eGYzHEWf/?spm_id_from=333.788.recommend_more_video.13,BV12eGYzHEWf
15,"被劈成两半还能合体？！笑到缺氧的""治愈""双人游戏实况【双影奇境】",https://www.bilibili.com/video/BV1gyd8YDEyU/?spm_id_from=333.788.recommend_more_video.14,BV1gyd8YDEyU
16,「双人成行」有中文配音了！| 实机中配MOD演示 | 松鼠篇,https://www.bilibili.com/video/BV11tdLYNEzn/?spm_id_from=333.788.recommend_more_video.15,BV11tdLYNEzn
17,【TEETO】steam免费开玩！双人合作冒险游戏再添新作,https://www.bilibili.com/video/BV1hGdpYbEgB/?spm_id_from=333.788.recommend_more_video.16,BV1hGdpYbEgB
18,表面翻新房屋实则打开地狱入口？结局真相出乎意料的打工游戏！,https://www.bilibili.com/video/BV16zVAz8EeS/?spm_id_from=333.788.recommend_more_video.17,BV16zVAz8EeS
19,【双人成行】小梅科迪直达工具箱BOSS路线对比,https://www.bilibili.com/video/BV1GMVHzeEva/?spm_id_from=333.788.recommend_more_video.18,BV1GMVHzeEva
